,0,1,2,3,4,5
Index,volume102article28_1_1,volume102article24_1_1,volume102article24_1_2,volume102article22_1_1,volume102article17_1_1,volume102article9_1_1
Reactants,"divinyl carbinol, (+)-diisopropyl L-tartrate, titanium tetraisopropoxide, cumene hydroperoxide","4-chlorophenylboronic acid pinacol ester, sodium tert-butoxide, copper(I) bromide-dimethyl sulfide, bathophenanthroline, bromocyclohexane",,"1,1-diphenylethene, 4-nitrobenzonitrile","nosylamide, iodine, acetonitrile, NaOCl·5H2O, trans-β-methyl styrene","2'-Hydroxy-5'-methoxyacetophenone, butyric acid, 6-methyl-5-hepten-2-one, pyrrolidine"
Reactant amounts,"11.6 mL (10.0 g, 119 mmol), 4.53 mL (5.07g, 21.4 mmol), 5.7 mL (5.40g, 19.0 mmol), 43.9 mL (45.2g, 238 mmol)","8.59 g (36.0 mmol), 2.88 g (30.0 mmol), 206 mg (1.0 mmol), 499 mg (1.5 mmol), 2.50 mL (3.3 g, 20.0 mmol)",,"3.61 g (20.0 mmol), 6.52 g (44.0 mmol)","8.50 g (42.0 mmol), 508 mg (2.00 mmol), 200 mL, 7.00 g (42.0 mmol), 2.40 g (20.0 mmol)","2.00 g (12.0 mmol), 0.55 mL (6.02 mmol), 1.96 mL (13.2 mmol), 1.48 mL (18.1 mmol)"
Products,(S)-1-((R)-oxiran-2-yl)prop-2-en-1-ol,1-cyclohexyl-4-chlorobenzene,1-cyclohexyl-4-chlorobenzene,Benzophenone,"N,N'-((1R*,2S*)-1-Phenylpropane-1,2-diyl)bis(2-nitrobenzenesulfonamide)",2-Methyl-2-(4-methylpent-3-en-1-yl)chroman-4-one
Product amounts,7.53 g,"2.54 g (13.0 mmol), 325 mg (1.67 mmol)",2.87 g (14.7 mmol),2.63 g,7.20 g,2.46 g
Solvents,"dichloromethane, acetone",toluene,,acetonitrile,acetonitrile,DMSO
Reaction temperature,"-15 to -16 ℃, -20 ℃",80°C,,30-35°C,"40 ℃, 75 ℃",Ambient
Reaction time,"5 days, 1 hour",24 hours,,36 hours,"12 h, 6 h",18 hours
Yield,63%,"65%, 8%",73%,72%,69%,75%
